{
    "total_samples": 27481,
    "sentiment_distribution": {
        "neutral": 11118,
        "positive": 8582,
        "negative": 7781
    },
    "avg_text_length": 68.35257086714458,
    "avg_word_count": 12.902441686983734,
    "text_length_by_sentiment": {
        "negative": 70.50931756843593,
        "neutral": 65.23385500989387,
        "positive": 70.43742717315311
    },
    "word_count_by_sentiment": {
        "negative": 13.473203958360108,
        "neutral": 12.342867422198237,
        "positive": 13.109881146585877
    }
}