Model,Train Accuracy,Test Accuracy
Random Forest,0.9880222027461292,0.7038089823763501
Logistic Regression,0.7749415717207129,0.6964184195565662
Linear SVM,0.7999926964650891,0.6773735076748152
Naive Bayes,0.7288562664329535,0.6475270039795338
Gradient Boosting,0.65651475314052,0.6435474701534963
